username,repo_name,stars,repo_url
twbs,bootstrap,165000,https://github.com/twbs/bootstrap
ColorlibHQ,AdminLTE,42800,https://github.com/ColorlibHQ/AdminLTE
tabler,tabler,34900,https://github.com/tabler/tabler
mdbootstrap,mdb-ui-kit,23600,https://github.com/mdbootstrap/mdb-ui-kit
react-bootstrap,react-bootstrap,21900,https://github.com/react-bootstrap/react-bootstrap
ColorlibHQ,gentelella,20800,https://github.com/ColorlibHQ/gentelella
verekia,js-stack-from-scratch,20000,https://github.com/verekia/js-stack-from-scratch
bootstrap-vue,bootstrap-vue,14400,https://github.com/bootstrap-vue/bootstrap-vue
thomaspark,bootswatch,14200,https://github.com/thomaspark/bootswatch
selectize,selectize.js,13000,https://github.com/selectize/selectize.js
uxsolutions,bootstrap-datepicker,12600,https://github.com/uxsolutions/bootstrap-datepicker
coreui,coreui-free-bootstrap-admin-template,11600,https://github.com/coreui/coreui-free-bootstrap-admin-template
wenzhixin,bootstrap-table,11600,https://github.com/wenzhixin/bootstrap-table
Templarian,MaterialDesign,10700,https://github.com/Templarian/MaterialDesign
reactstrap,reactstrap,10500,https://github.com/reactstrap/reactstrap
snapappointments,bootstrap-select,9800,https://github.com/snapappointments/bootstrap-select
StartBootstrap,startbootstrap-sb-admin-2,9500,https://github.com/StartBootstrap/startbootstrap-sb-admin-2
mdbootstrap,material-design-for-bootstrap,9400,https://github.com/mdbootstrap/material-design-for-bootstrap
ng-bootstrap,ng-bootstrap,8100,https://github.com/ng-bootstrap/ng-bootstrap
BlackrockDigital,startbootstrap,7200,https://github.com/BlackrockDigital/startbootstrap
